Step,Question,Model_Answer,Score,True_Answer
1,NYT에 삼성전자의 광고가 실린 날은?,26일(현지시간),False,삼성전자의 광고가 뉴욕타임스(NYT)에 실린 날은 26일입니다. 이 날 삼성전자는 NYT의 13면부터 20면까지 무려 8개 면에 걸쳐 갤럭시S4의 전면 광고를 실었습니다 [[ref2]].
2,버지니아주 교과서 개정안이 통과된 후 일본 정부의 구체적인 대응 조치는 무엇이었습니까?,주어진 문서에는 버지니아주 교과서 개정안 통과 후 일본 정부의 구체적인 대응 조치에 대한 정보가 포함되어 있지 않습니다.,False,검색 결과에는 버지니아주 교과서 개정안이 통과된 후 일본 정부의 구체적인 대응 조치를 찾을 수 없습니다.
3,알바루 시자 비에이라가 설계한 건축물의 이름은?,안양파빌리온,False,"포르투갈의 세계적인 건축가 알바루 시자 비에이라가 설계한 건축물의 이름은 ""안양파빌리온""입니다 [[ref2]]."
4,리자베타가 사랑했던 남자의 이름은 무엇이었나요?,문맥 상 리자베타가 사랑했던 남자의 이름은 명시되어 있지 않습니다.,False,검색 결과에는 리자베타가 사랑했던 남자의 이름을 찾을 수 없습니다.
5,중국의 재고 거품이 글로벌 경제에 미치는 영향은 무엇인가요?,"중국의 재고 거품은 중국 내 기업의 수익성 악화, 고용 불안, 내수 부진 등 직접적인 문제를 발생시키고, 이로 인해 중국에 진출한 해외 기업들의 실적 저하와 글로벌 투자 위축을 유발합니다. 또한 중국 제조업의 위축으로 원유·구리 등 세계 원자재 수요가 감소하면서 원자재 가격이 하락하고, 러시아∙남미 등 원자재 수출국 경제에도 부정적인 영향을 미칩니다. 중국 증시의 불안정성은 글로벌 금융시장 전체로도 확산되어 미 증시 등 주요국 주가 하락과 투자 심리 위축을 초래합니다. 이처럼 중국 재고 거품은 글로벌 경제 성장 둔화, 투자 감소, 원자재 가격 하락, 고용 불안 등 광범위한 연쇄적 부정적 효과를 야기합니다.",False,"중국의 재고 거품은 글로벌 경제에 여러 가지 부정적인 영향을 미치고 있습니다. 

첫째, 중국의 재고 거품은 원자재 시장에 큰 타격을 주고 있습니다. 중국은 세계 최대 원자재 수요국으로, 중국 경제의 둔화와 재고 증가로 인해 원자재 가격이 하락하고 있습니다. 예를 들어, 국제유가는 최근 한 주 동안 10% 가까이 하락했으며, 이는 중국의 경기 부진 우려가 주요 원인으로 작용했습니다. 또한, 구리 가격도 6년 만에 최저 수준으로 떨어졌습니다. 이러한 원자재 가격 하락은 원자재를 수출하는 국가들의 경제에 부정적인 영향을 미치고 있습니다 [[ref2]].

둘째, 중국의 재고 거품은 제조업 부진과 고용 감소로 이어지고 있습니다. 중국 기업들이 예상보다 낮은 성장률로 인해 재고가 급증하면서 수익성이 악화되고, 이에 따라 고용을 줄이고 있습니다. 예를 들어, 세계 최대 PC 제조업체인 레노버는 2분기 순이익이 전년 동기보다 51% 줄어들면서 3299명을 감원하기로 했습니다. 이러한 고용 감소는 노사분규의 급증으로 이어지고 있으며, 이는 중국 내수 시장의 부진을 더욱 심화시키고 있습니다 [[ref4]].

셋째, 중국의 재고 거품은 글로벌 금융 시장에도 영향을 미치고 있습니다. 중국 증시의 변동성이 확대되면서 글로벌 투자자들이 불안감을 느끼고 있으며, 이는 미국과 같은 주요 경제국의 주식 시장에도 부정적인 영향을 미치고 있습니다. 예를 들어, 뉴욕증시에서 S&P500지수와 다우지수가 2% 가까이 떨어진 것도 중국 증시의 거품 붕괴 우려 때문입니다 [[ref2]].

이와 같이, 중국의 재고 거품은 원자재 시장, 제조업, 고용, 그리고 글로벌 금융 시장에 걸쳐 다양한 부정적인 영향을 미치고 있으며, 이는 글로벌 경제의 불확실성을 증가시키고 있습니다."
6,아내가 부자를 괴롭히기 위해 사용한 것은?,술(부자를 자주 술에 취하게 만드는 것),False,"아내가 부자를 괴롭히기 위해 사용한 방법은 부자를 술취하게 만드는 것이었습니다. 아내는 부자가 술에 취해 골아 떨어지면 몰래 집을 빠져나와 바람을 피우곤 했습니다. 부자가 이를 알아차리고 미행한 후, 아내는 우물에 몸을 던지는 척하며 부자를 속이고 집에 들어가 문을 잠그는 등의 행동을 통해 부자를 괴롭혔습니다. 이로 인해 부자는 이웃 사람들과 아내의 친정 사람들에게 비난과 폭행을 당하게 되었습니다 [[ref1]]."
7,디스크 드라이브가 없는 플레이스테이션5는 얼마인가요?,디스크 드라이브가 없는 플레이스테이션5(디지털 에디션)의 가격은 49만 8천원입니다.,False,"디스크 드라이브가 없는 플레이스테이션5, 즉 디지털 에디션의 가격은 49만 8천원입니다 [[ref5]]."
8,혜화동에 살 당시 장면의 직책은 무엇이었는가?,혜화동에 살 당시 장면의 직책은 총리(국무총리)였다.,False,"장면이 혜화동에 살 당시 그의 직책은 대한민국의 국무총리였습니다. 그는 내각 책임제 하에서 국무총리로 재직 중이었으며, 총리 재직 중에도 혜화동의 작은 집에서 연탄난로를 땔 정도로 소박한 생활을 했습니다. [[ref5]]"
9,한신공영이 시흥배곧 한신휴플러스를 분양하는 날짜는?,한신공영이 시흥배곧 한신휴플러스를 분양하는 날짜는 15일입니다.,False,한신공영이 시흥배곧 한신휴플러스를 분양하는 날짜는 15일입니다 [[ref2]].
10,중세 잉글랜드와 현대 아이오와 주의 농업 방식의 공통점과 차이점은 무엇인가요?,"공통점: 
- 중세 잉글랜드와 현대 아이오와 주 모두 작물의 윤작을 실시했다(잉글랜드는 삼경법, 아이오와는 콩-옥수수 윤작).
- 곡물과 가축 사육 모두 농업의 중심이었다.
- 다양한 작물을 함께 재배하고, 여러 종류의 가축을 키웠다.

차이점:
- 중세 잉글랜드는 토양의 비옥함을 유지하기 위해 밭을 휴경지로 남겼지만 아이오와는 비료 사용 등으로 대규모 집약적 경작이 가능하다.
- 농업 방식이 잉글랜드는 수작업과 공동체/영주 중심적이지만, 아이오와는 기계화, 대규모 경영, 시장지향적이다.
- 잉글랜드는 주로 식량 자급과 생활을 위한 농업, 아이오와는 사료용 곡물과 산업적 대량 생산 중심이다.
- 잉글랜드는 농기구를 위한 가축 보유가 제한적이었고 협동이 필요했으나, 아이오와는 기계화 및 다수의 대형가축 사육이 특징이다.
- 잉글랜드의 곡물은 환금과 내수 양면성이 강하나, 아이오와는 사료 공급과 단일 품목 집중의 성격이 두드러진다.",False,"중세 잉글랜드와 현대 아이오와 주의 농업 방식에는 몇 가지 공통점과 차이점이 있습니다.

**공통점:**
1. **작물의 다양성**: 두 지역 모두 다양한 작물을 재배합니다. 중세 잉글랜드에서는 밀, 보리, 귀리, 협과, 호밀, 아마, 사과, 채소 등을 재배했으며, 현대 아이오와 주에서는 옥수수, 콩, 귀리, 밀, 사과, 아스파라거스, 양배추, 완두콩, 호박, 사탕무, 토마토 등을 재배합니다 [[ref1]], [[ref3]].
2. **가축 사육**: 두 지역 모두 가축을 사육합니다. 중세 잉글랜드에서는 양, 돼지, 소, 말, 가금류를 길렀고, 현대 아이오와 주에서는 돼지, 소, 젖소, 닭, 칠면조, 양, 말을 사육합니다 [[ref1]], [[ref3]].
3. **윤작**: 중세 잉글랜드에서는 삼경법을 사용하여 밭을 순환하며 경작하고 휴경지를 두어 토양의 양분을 회복시켰습니다. 현대 아이오와 주에서도 콩과 옥수수를 윤작하여 토양의 영양 균형을 유지합니다 [[ref1]], [[ref3]].

**차이점:**
1. **주요 작물**: 중세 잉글랜드의 주요 작물은 밀과 보리였으며, 현대 아이오와 주의 주요 작물은 옥수수와 콩입니다 [[ref1]], [[ref3]].
2. **농업 기술**: 중세 잉글랜드에서는 퇴비나 비료가 부족하여 휴경지를 두어 자연적으로 토양의 양분을 회복시켰습니다. 반면, 현대 아이오와 주에서는 현대적인 농업 기술과 비료를 사용하여 토양의 영양을 관리합니다 [[ref1]], [[ref3]].
3. **기계화**: 중세 잉글랜드에서는 주로 인력과 동물의 힘을 이용하여 농사를 지었으며, 쟁기를 끌기 위해 소나 말을 사용했습니다. 현대 아이오와 주에서는 트랙터와 같은 기계화된 장비를 사용하여 농업 생산성을 높입니다 [[ref1]], [[ref3]].

이와 같이 중세 잉글랜드와 현대 아이오와 주의 농업 방식은 작물의 다양성과 가축 사육, 윤작 등의 공통점을 가지지만, 주요 작물, 농업 기술, 기계화 등의 차이점도 존재합니다."
11,혜화동에 살 당시 장면의 직책은 무엇이었는가?,혜화동에 살 당시 장면의 직책은 국무총리였습니다.,False,"장면이 혜화동에 살 당시 그의 직책은 대한민국의 국무총리였습니다. 그는 내각 책임제 하에서 국무총리로 재직 중이었으며, 총리 재직 중에도 혜화동의 작은 집에서 연탄난로를 땔 정도로 소박한 생활을 했습니다. [[ref5]]"
12,디스크 드라이브가 없는 플레이스테이션5는 얼마인가요?,디스크 드라이브가 없는 플레이스테이션5(디지털 에디션)은 49만 8천원입니다.,False,"디스크 드라이브가 없는 플레이스테이션5, 즉 디지털 에디션의 가격은 49만 8천원입니다 [[ref5]]."
13,아내가 부자를 괴롭히기 위해 사용한 것은?,술,False,"아내가 부자를 괴롭히기 위해 사용한 방법은 부자를 술취하게 만드는 것이었습니다. 아내는 부자가 술에 취해 골아 떨어지면 몰래 집을 빠져나와 바람을 피우곤 했습니다. 부자가 이를 알아차리고 미행한 후, 아내는 우물에 몸을 던지는 척하며 부자를 속이고 집에 들어가 문을 잠그는 등의 행동을 통해 부자를 괴롭혔습니다. 이로 인해 부자는 이웃 사람들과 아내의 친정 사람들에게 비난과 폭행을 당하게 되었습니다 [[ref1]]."
14,한신공영이 시흥배곧 한신휴플러스를 분양하는 날짜는?,15일,False,한신공영이 시흥배곧 한신휴플러스를 분양하는 날짜는 15일입니다 [[ref2]].
15,중세 잉글랜드와 현대 아이오와 주의 농업 방식의 공통점과 차이점은 무엇인가요?,"공통점은 곡물과 가축을 함께 기르는 혼합농업이 이루어진다는 점, 곡물의 일부 품종은 유사하다는 점(밀, 보리, 귀리 등), 그리고 토양 관리를 위해 경작 방식을 순환하는 점(삼경법, 윤작)이 있습니다.

차이점은 중세 잉글랜드에서는 휴경과 삼경법 등 전통적 방식과 영주의 지배, 협동적 작업이 중요했으며 자급자족이 중심이었던 반면, 현대 아이오와 주는 비료와 기계 등 현대적 기술을 활용한 대규모 상업 농업으로, 상품 생산과 효율에 초점을 둔다는 점, 그리고 사회적 제도와 가축 소유 방식에서도 큰 차이가 있다는 점입니다.",False,"중세 잉글랜드와 현대 아이오와 주의 농업 방식에는 몇 가지 공통점과 차이점이 있습니다.

**공통점:**
1. **작물의 다양성**: 두 지역 모두 다양한 작물을 재배합니다. 중세 잉글랜드에서는 밀, 보리, 귀리, 협과, 호밀, 아마, 사과, 채소 등을 재배했으며, 현대 아이오와 주에서는 옥수수, 콩, 귀리, 밀, 사과, 아스파라거스, 양배추, 완두콩, 호박, 사탕무, 토마토 등을 재배합니다 [[ref1]], [[ref3]].
2. **가축 사육**: 두 지역 모두 가축을 사육합니다. 중세 잉글랜드에서는 양, 돼지, 소, 말, 가금류를 길렀고, 현대 아이오와 주에서는 돼지, 소, 젖소, 닭, 칠면조, 양, 말을 사육합니다 [[ref1]], [[ref3]].
3. **윤작**: 중세 잉글랜드에서는 삼경법을 사용하여 밭을 순환하며 경작하고 휴경지를 두어 토양의 양분을 회복시켰습니다. 현대 아이오와 주에서도 콩과 옥수수를 윤작하여 토양의 영양 균형을 유지합니다 [[ref1]], [[ref3]].

**차이점:**
1. **주요 작물**: 중세 잉글랜드의 주요 작물은 밀과 보리였으며, 현대 아이오와 주의 주요 작물은 옥수수와 콩입니다 [[ref1]], [[ref3]].
2. **농업 기술**: 중세 잉글랜드에서는 퇴비나 비료가 부족하여 휴경지를 두어 자연적으로 토양의 양분을 회복시켰습니다. 반면, 현대 아이오와 주에서는 현대적인 농업 기술과 비료를 사용하여 토양의 영양을 관리합니다 [[ref1]], [[ref3]].
3. **기계화**: 중세 잉글랜드에서는 주로 인력과 동물의 힘을 이용하여 농사를 지었으며, 쟁기를 끌기 위해 소나 말을 사용했습니다. 현대 아이오와 주에서는 트랙터와 같은 기계화된 장비를 사용하여 농업 생산성을 높입니다 [[ref1]], [[ref3]].

이와 같이 중세 잉글랜드와 현대 아이오와 주의 농업 방식은 작물의 다양성과 가축 사육, 윤작 등의 공통점을 가지지만, 주요 작물, 농업 기술, 기계화 등의 차이점도 존재합니다."
16,디스크 드라이브가 없는 플레이스테이션5는 얼마인가요?,디스크 드라이브가 없는 플레이스테이션5(디지털 에디션)는 49만 8천원입니다.,False,"디스크 드라이브가 없는 플레이스테이션5, 즉 디지털 에디션의 가격은 49만 8천원입니다 [[ref5]]."
17,아내가 부자를 괴롭히기 위해 사용한 것은?,부자를 술에 취하게 만드는 것(술)을 사용했습니다.,False,"아내가 부자를 괴롭히기 위해 사용한 방법은 부자를 술취하게 만드는 것이었습니다. 아내는 부자가 술에 취해 골아 떨어지면 몰래 집을 빠져나와 바람을 피우곤 했습니다. 부자가 이를 알아차리고 미행한 후, 아내는 우물에 몸을 던지는 척하며 부자를 속이고 집에 들어가 문을 잠그는 등의 행동을 통해 부자를 괴롭혔습니다. 이로 인해 부자는 이웃 사람들과 아내의 친정 사람들에게 비난과 폭행을 당하게 되었습니다 [[ref1]]."
18,혜화동에 살 당시 장면의 직책은 무엇이었는가?,혜화동에 살 당시 장면의 직책은 국무총리였다.,False,"장면이 혜화동에 살 당시 그의 직책은 대한민국의 국무총리였습니다. 그는 내각 책임제 하에서 국무총리로 재직 중이었으며, 총리 재직 중에도 혜화동의 작은 집에서 연탄난로를 땔 정도로 소박한 생활을 했습니다. [[ref5]]"
19,한신공영이 시흥배곧 한신휴플러스를 분양하는 날짜는?,한신공영이 시흥배곧 한신휴플러스를 분양하는 날짜는 15일입니다.,False,한신공영이 시흥배곧 한신휴플러스를 분양하는 날짜는 15일입니다 [[ref2]].
20,중세 잉글랜드와 현대 아이오와 주의 농업 방식의 공통점과 차이점은 무엇인가요?,"공통점:
- 다양한 곡물과 가축을 재배·사육함
- 토양의 영양을 유지하기 위해 윤작(아이오와) 또는 휴경·삼경법(잉글랜드) 사용

차이점:
- 중세 잉글랜드는 인력과 사역 가축에 의존, 삼경법 활용, 곡물은 식량 및 일부 거래용
- 아이오와 주는 기계화된 대규모 농업, 옥수수·콩이 주 작물이며 주로 가축 사료와 산업적으로 사용
- 잉글랜드는 가축 소유가 제한적이며 공동작업 필요, 아이오와는 대규모 사육과 현대적 가축 관리 및 생산체계
- 생산의 목적과 규모에서 중세 잉글랜드는 자급자족·지역 중심, 아이오와는 시장 및 산업 중심의 상업적 농업임",False,"중세 잉글랜드와 현대 아이오와 주의 농업 방식에는 몇 가지 공통점과 차이점이 있습니다.

**공통점:**
1. **작물의 다양성**: 두 지역 모두 다양한 작물을 재배합니다. 중세 잉글랜드에서는 밀, 보리, 귀리, 협과, 호밀, 아마, 사과, 채소 등을 재배했으며, 현대 아이오와 주에서는 옥수수, 콩, 귀리, 밀, 사과, 아스파라거스, 양배추, 완두콩, 호박, 사탕무, 토마토 등을 재배합니다 [[ref1]], [[ref3]].
2. **가축 사육**: 두 지역 모두 가축을 사육합니다. 중세 잉글랜드에서는 양, 돼지, 소, 말, 가금류를 길렀고, 현대 아이오와 주에서는 돼지, 소, 젖소, 닭, 칠면조, 양, 말을 사육합니다 [[ref1]], [[ref3]].
3. **윤작**: 중세 잉글랜드에서는 삼경법을 사용하여 밭을 순환하며 경작하고 휴경지를 두어 토양의 양분을 회복시켰습니다. 현대 아이오와 주에서도 콩과 옥수수를 윤작하여 토양의 영양 균형을 유지합니다 [[ref1]], [[ref3]].

**차이점:**
1. **주요 작물**: 중세 잉글랜드의 주요 작물은 밀과 보리였으며, 현대 아이오와 주의 주요 작물은 옥수수와 콩입니다 [[ref1]], [[ref3]].
2. **농업 기술**: 중세 잉글랜드에서는 퇴비나 비료가 부족하여 휴경지를 두어 자연적으로 토양의 양분을 회복시켰습니다. 반면, 현대 아이오와 주에서는 현대적인 농업 기술과 비료를 사용하여 토양의 영양을 관리합니다 [[ref1]], [[ref3]].
3. **기계화**: 중세 잉글랜드에서는 주로 인력과 동물의 힘을 이용하여 농사를 지었으며, 쟁기를 끌기 위해 소나 말을 사용했습니다. 현대 아이오와 주에서는 트랙터와 같은 기계화된 장비를 사용하여 농업 생산성을 높입니다 [[ref1]], [[ref3]].

이와 같이 중세 잉글랜드와 현대 아이오와 주의 농업 방식은 작물의 다양성과 가축 사육, 윤작 등의 공통점을 가지지만, 주요 작물, 농업 기술, 기계화 등의 차이점도 존재합니다."
21,디스크 드라이브가 없는 플레이스테이션5는 얼마인가요?,디스크 드라이브가 없는 플레이스테이션5(디지털 에디션)의 가격은 49만 8천원입니다.,False,"디스크 드라이브가 없는 플레이스테이션5, 즉 디지털 에디션의 가격은 49만 8천원입니다 [[ref5]]."
22,아내가 부자를 괴롭히기 위해 사용한 것은?,아내가 부자를 괴롭히기 위해 사용한 것은 남편에게 술을 권하여 일부러 취하게 하는 것이었다.,False,"아내가 부자를 괴롭히기 위해 사용한 방법은 부자를 술취하게 만드는 것이었습니다. 아내는 부자가 술에 취해 골아 떨어지면 몰래 집을 빠져나와 바람을 피우곤 했습니다. 부자가 이를 알아차리고 미행한 후, 아내는 우물에 몸을 던지는 척하며 부자를 속이고 집에 들어가 문을 잠그는 등의 행동을 통해 부자를 괴롭혔습니다. 이로 인해 부자는 이웃 사람들과 아내의 친정 사람들에게 비난과 폭행을 당하게 되었습니다 [[ref1]]."
23,혜화동에 살 당시 장면의 직책은 무엇이었는가?,장면이 혜화동에 살던 당시 그의 직책은 대한민국 국무총리(총리)였다.,False,"장면이 혜화동에 살 당시 그의 직책은 대한민국의 국무총리였습니다. 그는 내각 책임제 하에서 국무총리로 재직 중이었으며, 총리 재직 중에도 혜화동의 작은 집에서 연탄난로를 땔 정도로 소박한 생활을 했습니다. [[ref5]]"
24,한신공영이 시흥배곧 한신휴플러스를 분양하는 날짜는?,한신공영이 시흥배곧 한신휴플러스를 분양하는 날짜는 15일입니다.,False,한신공영이 시흥배곧 한신휴플러스를 분양하는 날짜는 15일입니다 [[ref2]].
25,중세 잉글랜드와 현대 아이오와 주의 농업 방식의 공통점과 차이점은 무엇인가요?,"중세 잉글랜드와 현대 아이오와 주의 농업은 주로 곡물을 중심으로 다양한 작물을 재배하고 가축을 사육하며, 토양의 양분을 유지하려는 노력이 있다는 점에서 공통점이 있습니다. 하지만 중세 잉글랜드는 제한된 비료로 인해 삼경법을 통한 휴경과 집단적 경작이 특징이며, 주요 곡물이 식량에 집중되어 있었습니다. 반면 현대 아이오와는 비료와 기계화로 효율이 높고, 옥수수와 콩의 대규모 재배 및 가축 사료 위주, 독립적·기계화된 경작법 등이 특징입니다. 또한 아이오와는 돼지, 소, 닭 등 가축의 사육 규모가 크고, 곡물의 상당 부분이 가축 사료나 산업 원료로 쓰인다는 점에서 현저한 차이가 있습니다.",False,"중세 잉글랜드와 현대 아이오와 주의 농업 방식에는 몇 가지 공통점과 차이점이 있습니다.

**공통점:**
1. **작물의 다양성**: 두 지역 모두 다양한 작물을 재배합니다. 중세 잉글랜드에서는 밀, 보리, 귀리, 협과, 호밀, 아마, 사과, 채소 등을 재배했으며, 현대 아이오와 주에서는 옥수수, 콩, 귀리, 밀, 사과, 아스파라거스, 양배추, 완두콩, 호박, 사탕무, 토마토 등을 재배합니다 [[ref1]], [[ref3]].
2. **가축 사육**: 두 지역 모두 가축을 사육합니다. 중세 잉글랜드에서는 양, 돼지, 소, 말, 가금류를 길렀고, 현대 아이오와 주에서는 돼지, 소, 젖소, 닭, 칠면조, 양, 말을 사육합니다 [[ref1]], [[ref3]].
3. **윤작**: 중세 잉글랜드에서는 삼경법을 사용하여 밭을 순환하며 경작하고 휴경지를 두어 토양의 양분을 회복시켰습니다. 현대 아이오와 주에서도 콩과 옥수수를 윤작하여 토양의 영양 균형을 유지합니다 [[ref1]], [[ref3]].

**차이점:**
1. **주요 작물**: 중세 잉글랜드의 주요 작물은 밀과 보리였으며, 현대 아이오와 주의 주요 작물은 옥수수와 콩입니다 [[ref1]], [[ref3]].
2. **농업 기술**: 중세 잉글랜드에서는 퇴비나 비료가 부족하여 휴경지를 두어 자연적으로 토양의 양분을 회복시켰습니다. 반면, 현대 아이오와 주에서는 현대적인 농업 기술과 비료를 사용하여 토양의 영양을 관리합니다 [[ref1]], [[ref3]].
3. **기계화**: 중세 잉글랜드에서는 주로 인력과 동물의 힘을 이용하여 농사를 지었으며, 쟁기를 끌기 위해 소나 말을 사용했습니다. 현대 아이오와 주에서는 트랙터와 같은 기계화된 장비를 사용하여 농업 생산성을 높입니다 [[ref1]], [[ref3]].

이와 같이 중세 잉글랜드와 현대 아이오와 주의 농업 방식은 작물의 다양성과 가축 사육, 윤작 등의 공통점을 가지지만, 주요 작물, 농업 기술, 기계화 등의 차이점도 존재합니다."
26,아내가 부자를 괴롭히기 위해 사용한 것은?,술,False,"아내가 부자를 괴롭히기 위해 사용한 방법은 부자를 술취하게 만드는 것이었습니다. 아내는 부자가 술에 취해 골아 떨어지면 몰래 집을 빠져나와 바람을 피우곤 했습니다. 부자가 이를 알아차리고 미행한 후, 아내는 우물에 몸을 던지는 척하며 부자를 속이고 집에 들어가 문을 잠그는 등의 행동을 통해 부자를 괴롭혔습니다. 이로 인해 부자는 이웃 사람들과 아내의 친정 사람들에게 비난과 폭행을 당하게 되었습니다 [[ref1]]."
27,디스크 드라이브가 없는 플레이스테이션5는 얼마인가요?,디스크 드라이브가 없는 플레이스테이션5(디지털 에디션)는 49만 8천원입니다.,False,"디스크 드라이브가 없는 플레이스테이션5, 즉 디지털 에디션의 가격은 49만 8천원입니다 [[ref5]]."
28,혜화동에 살 당시 장면의 직책은 무엇이었는가?,혜화동에 살 당시 장면의 직책은 대한민국 국무총리였습니다.,False,"장면이 혜화동에 살 당시 그의 직책은 대한민국의 국무총리였습니다. 그는 내각 책임제 하에서 국무총리로 재직 중이었으며, 총리 재직 중에도 혜화동의 작은 집에서 연탄난로를 땔 정도로 소박한 생활을 했습니다. [[ref5]]"
29,한신공영이 시흥배곧 한신휴플러스를 분양하는 날짜는?,15일,False,한신공영이 시흥배곧 한신휴플러스를 분양하는 날짜는 15일입니다 [[ref2]].
30,중세 잉글랜드와 현대 아이오와 주의 농업 방식의 공통점과 차이점은 무엇인가요?,"중세 잉글랜드와 현대 아이오와 주의 농업 방식의 공통점은 모두 혼합 농업(곡물 재배와 가축 사육)을 하고 있으며, 토양 영양 회복을 위해 윤작이나 휴경(삼경법/윤작)을 운용한다는 점입니다. 차이점으로는, 중세 잉글랜드는 전통적인 삼경법과 소규모 생산, 영주의 토지 통제, 퇴비 부족으로 인한 휴경이 중요한 반면, 아이오와 주는 기계화와 화학 비료 사용, 대규모 생산, 자유 시장 중심, 옥수수와 콩의 집중적 재배, 신속한 가축 사육 등 현대적이고 산업화된 농업 방식을 채택하고 있습니다.",False,"중세 잉글랜드와 현대 아이오와 주의 농업 방식에는 몇 가지 공통점과 차이점이 있습니다.

**공통점:**
1. **작물의 다양성**: 두 지역 모두 다양한 작물을 재배합니다. 중세 잉글랜드에서는 밀, 보리, 귀리, 협과, 호밀, 아마, 사과, 채소 등을 재배했으며, 현대 아이오와 주에서는 옥수수, 콩, 귀리, 밀, 사과, 아스파라거스, 양배추, 완두콩, 호박, 사탕무, 토마토 등을 재배합니다 [[ref1]], [[ref3]].
2. **가축 사육**: 두 지역 모두 가축을 사육합니다. 중세 잉글랜드에서는 양, 돼지, 소, 말, 가금류를 길렀고, 현대 아이오와 주에서는 돼지, 소, 젖소, 닭, 칠면조, 양, 말을 사육합니다 [[ref1]], [[ref3]].
3. **윤작**: 중세 잉글랜드에서는 삼경법을 사용하여 밭을 순환하며 경작하고 휴경지를 두어 토양의 양분을 회복시켰습니다. 현대 아이오와 주에서도 콩과 옥수수를 윤작하여 토양의 영양 균형을 유지합니다 [[ref1]], [[ref3]].

**차이점:**
1. **주요 작물**: 중세 잉글랜드의 주요 작물은 밀과 보리였으며, 현대 아이오와 주의 주요 작물은 옥수수와 콩입니다 [[ref1]], [[ref3]].
2. **농업 기술**: 중세 잉글랜드에서는 퇴비나 비료가 부족하여 휴경지를 두어 자연적으로 토양의 양분을 회복시켰습니다. 반면, 현대 아이오와 주에서는 현대적인 농업 기술과 비료를 사용하여 토양의 영양을 관리합니다 [[ref1]], [[ref3]].
3. **기계화**: 중세 잉글랜드에서는 주로 인력과 동물의 힘을 이용하여 농사를 지었으며, 쟁기를 끌기 위해 소나 말을 사용했습니다. 현대 아이오와 주에서는 트랙터와 같은 기계화된 장비를 사용하여 농업 생산성을 높입니다 [[ref1]], [[ref3]].

이와 같이 중세 잉글랜드와 현대 아이오와 주의 농업 방식은 작물의 다양성과 가축 사육, 윤작 등의 공통점을 가지지만, 주요 작물, 농업 기술, 기계화 등의 차이점도 존재합니다."
31,디스크 드라이브가 없는 플레이스테이션5는 얼마인가요?,디스크 드라이브가 없는 플레이스테이션5(디지털 에디션)는 49만 8천원입니다.,False,"디스크 드라이브가 없는 플레이스테이션5, 즉 디지털 에디션의 가격은 49만 8천원입니다 [[ref5]]."
32,아내가 부자를 괴롭히기 위해 사용한 것은?,부인을 괴롭히기 위해 사용한 것은 일부러 부자를 술에 취하게 하는 것이었다.,False,"아내가 부자를 괴롭히기 위해 사용한 방법은 부자를 술취하게 만드는 것이었습니다. 아내는 부자가 술에 취해 골아 떨어지면 몰래 집을 빠져나와 바람을 피우곤 했습니다. 부자가 이를 알아차리고 미행한 후, 아내는 우물에 몸을 던지는 척하며 부자를 속이고 집에 들어가 문을 잠그는 등의 행동을 통해 부자를 괴롭혔습니다. 이로 인해 부자는 이웃 사람들과 아내의 친정 사람들에게 비난과 폭행을 당하게 되었습니다 [[ref1]]."
33,혜화동에 살 당시 장면의 직책은 무엇이었는가?,장면이 혜화동에 살 당시 그의 직책은 국무총리였습니다.,False,"장면이 혜화동에 살 당시 그의 직책은 대한민국의 국무총리였습니다. 그는 내각 책임제 하에서 국무총리로 재직 중이었으며, 총리 재직 중에도 혜화동의 작은 집에서 연탄난로를 땔 정도로 소박한 생활을 했습니다. [[ref5]]"
34,한신공영이 시흥배곧 한신휴플러스를 분양하는 날짜는?,한신공영이 시흥배곧 한신휴플러스를 분양하는 날짜는 15일입니다.,False,한신공영이 시흥배곧 한신휴플러스를 분양하는 날짜는 15일입니다 [[ref2]].
35,중세 잉글랜드와 현대 아이오와 주의 농업 방식의 공통점과 차이점은 무엇인가요?,"중세 잉글랜드와 현대 아이오와 주의 농업 방식은 모두 곡물 재배와 가축 사육을 기본으로 하고 있으며, 토지의 지속 가능한 활용(윤작, 순환 등)을 중요하게 여긴다는 공통점이 있습니다. 그러나 두 지역의 농업에는 다음과 같은 차이점이 있습니다. 중세 잉글랜드는 삼경법에 기반한 소규모 농업과 휴경, 제한된 농기구, 비료 부족 등 제약이 있었습니다. 가축 사육은 생계 중심 소규모였고, 생산성이 낮았으며 지역 내 자급자족 구조가 강했습니다. 이에 비해 현대 아이오와는 대규모 집약적, 기계화된 농업이 주류이며, 과학적 윤작, 인공비료 및 기계를 활용하여 생산성이 높습니다. 가축 사육도 산업화가 이뤄져 돼지, 소 등이 시장 공급을 위한 대규모 방식으로 사육됩니다. 주작물 역시 중세 잉글랜드에서는 밀과 보리, 아이오와에서는 옥수수와 콩 등으로 차이가 큽니다.",False,"중세 잉글랜드와 현대 아이오와 주의 농업 방식에는 몇 가지 공통점과 차이점이 있습니다.

**공통점:**
1. **작물의 다양성**: 두 지역 모두 다양한 작물을 재배합니다. 중세 잉글랜드에서는 밀, 보리, 귀리, 협과, 호밀, 아마, 사과, 채소 등을 재배했으며, 현대 아이오와 주에서는 옥수수, 콩, 귀리, 밀, 사과, 아스파라거스, 양배추, 완두콩, 호박, 사탕무, 토마토 등을 재배합니다 [[ref1]], [[ref3]].
2. **가축 사육**: 두 지역 모두 가축을 사육합니다. 중세 잉글랜드에서는 양, 돼지, 소, 말, 가금류를 길렀고, 현대 아이오와 주에서는 돼지, 소, 젖소, 닭, 칠면조, 양, 말을 사육합니다 [[ref1]], [[ref3]].
3. **윤작**: 중세 잉글랜드에서는 삼경법을 사용하여 밭을 순환하며 경작하고 휴경지를 두어 토양의 양분을 회복시켰습니다. 현대 아이오와 주에서도 콩과 옥수수를 윤작하여 토양의 영양 균형을 유지합니다 [[ref1]], [[ref3]].

**차이점:**
1. **주요 작물**: 중세 잉글랜드의 주요 작물은 밀과 보리였으며, 현대 아이오와 주의 주요 작물은 옥수수와 콩입니다 [[ref1]], [[ref3]].
2. **농업 기술**: 중세 잉글랜드에서는 퇴비나 비료가 부족하여 휴경지를 두어 자연적으로 토양의 양분을 회복시켰습니다. 반면, 현대 아이오와 주에서는 현대적인 농업 기술과 비료를 사용하여 토양의 영양을 관리합니다 [[ref1]], [[ref3]].
3. **기계화**: 중세 잉글랜드에서는 주로 인력과 동물의 힘을 이용하여 농사를 지었으며, 쟁기를 끌기 위해 소나 말을 사용했습니다. 현대 아이오와 주에서는 트랙터와 같은 기계화된 장비를 사용하여 농업 생산성을 높입니다 [[ref1]], [[ref3]].

이와 같이 중세 잉글랜드와 현대 아이오와 주의 농업 방식은 작물의 다양성과 가축 사육, 윤작 등의 공통점을 가지지만, 주요 작물, 농업 기술, 기계화 등의 차이점도 존재합니다."
36,아내가 부자를 괴롭히기 위해 사용한 것은?,술,False,"아내가 부자를 괴롭히기 위해 사용한 방법은 부자를 술취하게 만드는 것이었습니다. 아내는 부자가 술에 취해 골아 떨어지면 몰래 집을 빠져나와 바람을 피우곤 했습니다. 부자가 이를 알아차리고 미행한 후, 아내는 우물에 몸을 던지는 척하며 부자를 속이고 집에 들어가 문을 잠그는 등의 행동을 통해 부자를 괴롭혔습니다. 이로 인해 부자는 이웃 사람들과 아내의 친정 사람들에게 비난과 폭행을 당하게 되었습니다 [[ref1]]."
37,디스크 드라이브가 없는 플레이스테이션5는 얼마인가요?,디스크 드라이브가 없는 플레이스테이션5(디지털 에디션)의 가격은 49만 8천원입니다.,False,"디스크 드라이브가 없는 플레이스테이션5, 즉 디지털 에디션의 가격은 49만 8천원입니다 [[ref5]]."
38,혜화동에 살 당시 장면의 직책은 무엇이었는가?,혜화동에 살 당시 장면의 직책은 국무총리(총리)였습니다.,False,"장면이 혜화동에 살 당시 그의 직책은 대한민국의 국무총리였습니다. 그는 내각 책임제 하에서 국무총리로 재직 중이었으며, 총리 재직 중에도 혜화동의 작은 집에서 연탄난로를 땔 정도로 소박한 생활을 했습니다. [[ref5]]"
39,한신공영이 시흥배곧 한신휴플러스를 분양하는 날짜는?,한신공영이 시흥배곧 한신휴플러스를 분양하는 날짜는 15일입니다.,False,한신공영이 시흥배곧 한신휴플러스를 분양하는 날짜는 15일입니다 [[ref2]].
40,중세 잉글랜드와 현대 아이오와 주의 농업 방식의 공통점과 차이점은 무엇인가요?,"중세 잉글랜드와 현대 아이오와 주의 농업 방식의 공통점은 다음과 같습니다:
- 두 지역 모두 여러 종류의 곡물과 채소를 재배하고, 소, 돼지, 양, 닭 등 다양한 가축을 키웠습니다.
- 곡물과 가축이 모두 중요한 식량이자 환금 작물(또는 생산물)로 사용되었습니다.
- 토양의 양분 보전을 위해 삼경법(휴경)이나 윤작 등 일정한 경작 관리법을 사용했습니다.

차이점은 다음과 같습니다:
- 중세 잉글랜드는 비료가 부족해 휴경지가 필요했고, 삼경법을 사용해 밭을 돌려가며 경작했습니다. 반면, 아이오와 주는 윤작과 사료작물 재배로 토양 질소를 복구하며, 더 효율적으로 토양을 관리합니다.
- 중세 잉글랜드의 주요 작물은 밀과 보리였던 반면, 아이오와 주는 옥수수와 콩이 농업의 중심입니다.
- 중세 잉글랜드에서는 쟁기질 등 노동에 가축을 사용했으며, 가축 보유는 일부 지주에 한정되었습니다. 아이오와 주는 기계화된 대규모 가축 사육 및 곡물 생산이 이루어집니다.
- 중세 잉글랜드는 농업 경영의 의사결정이 영주에게 있고 법적으로 보장되었으나, 현대 아이오와 주에서는 개인 또는 기업 농장이 중심입니다.
- 아이오와 주는 달걀, 꿀, 우유 등 다양한 축산물을 대규모로 생산하는 반면, 중세 잉글랜드에서는 대규모 유제품 생산에 대한 언급이 없습니다.",False,"중세 잉글랜드와 현대 아이오와 주의 농업 방식에는 몇 가지 공통점과 차이점이 있습니다.

**공통점:**
1. **작물의 다양성**: 두 지역 모두 다양한 작물을 재배합니다. 중세 잉글랜드에서는 밀, 보리, 귀리, 협과, 호밀, 아마, 사과, 채소 등을 재배했으며, 현대 아이오와 주에서는 옥수수, 콩, 귀리, 밀, 사과, 아스파라거스, 양배추, 완두콩, 호박, 사탕무, 토마토 등을 재배합니다 [[ref1]], [[ref3]].
2. **가축 사육**: 두 지역 모두 가축을 사육합니다. 중세 잉글랜드에서는 양, 돼지, 소, 말, 가금류를 길렀고, 현대 아이오와 주에서는 돼지, 소, 젖소, 닭, 칠면조, 양, 말을 사육합니다 [[ref1]], [[ref3]].
3. **윤작**: 중세 잉글랜드에서는 삼경법을 사용하여 밭을 순환하며 경작하고 휴경지를 두어 토양의 양분을 회복시켰습니다. 현대 아이오와 주에서도 콩과 옥수수를 윤작하여 토양의 영양 균형을 유지합니다 [[ref1]], [[ref3]].

**차이점:**
1. **주요 작물**: 중세 잉글랜드의 주요 작물은 밀과 보리였으며, 현대 아이오와 주의 주요 작물은 옥수수와 콩입니다 [[ref1]], [[ref3]].
2. **농업 기술**: 중세 잉글랜드에서는 퇴비나 비료가 부족하여 휴경지를 두어 자연적으로 토양의 양분을 회복시켰습니다. 반면, 현대 아이오와 주에서는 현대적인 농업 기술과 비료를 사용하여 토양의 영양을 관리합니다 [[ref1]], [[ref3]].
3. **기계화**: 중세 잉글랜드에서는 주로 인력과 동물의 힘을 이용하여 농사를 지었으며, 쟁기를 끌기 위해 소나 말을 사용했습니다. 현대 아이오와 주에서는 트랙터와 같은 기계화된 장비를 사용하여 농업 생산성을 높입니다 [[ref1]], [[ref3]].

이와 같이 중세 잉글랜드와 현대 아이오와 주의 농업 방식은 작물의 다양성과 가축 사육, 윤작 등의 공통점을 가지지만, 주요 작물, 농업 기술, 기계화 등의 차이점도 존재합니다."
41,아내가 부자를 괴롭히기 위해 사용한 것은?,아내가 부자를 괴롭히기 위해 사용한 것은 부자에게 술을 자주 권해 술취하게 만드는 것이었다.,False,"아내가 부자를 괴롭히기 위해 사용한 방법은 부자를 술취하게 만드는 것이었습니다. 아내는 부자가 술에 취해 골아 떨어지면 몰래 집을 빠져나와 바람을 피우곤 했습니다. 부자가 이를 알아차리고 미행한 후, 아내는 우물에 몸을 던지는 척하며 부자를 속이고 집에 들어가 문을 잠그는 등의 행동을 통해 부자를 괴롭혔습니다. 이로 인해 부자는 이웃 사람들과 아내의 친정 사람들에게 비난과 폭행을 당하게 되었습니다 [[ref1]]."
42,디스크 드라이브가 없는 플레이스테이션5는 얼마인가요?,디스크 드라이브가 없는 플레이스테이션5(디지털 에디션)는 49만 8천원입니다.,False,"디스크 드라이브가 없는 플레이스테이션5, 즉 디지털 에디션의 가격은 49만 8천원입니다 [[ref5]]."
43,한신공영이 시흥배곧 한신휴플러스를 분양하는 날짜는?,한신공영이 ‘시흥배곧 한신휴플러스’를 분양하는 날짜는 15일입니다.,False,한신공영이 시흥배곧 한신휴플러스를 분양하는 날짜는 15일입니다 [[ref2]].
44,혜화동에 살 당시 장면의 직책은 무엇이었는가?,장면이 혜화동에 살 당시 그의 직책은 대한민국 국무총리였습니다.,False,"장면이 혜화동에 살 당시 그의 직책은 대한민국의 국무총리였습니다. 그는 내각 책임제 하에서 국무총리로 재직 중이었으며, 총리 재직 중에도 혜화동의 작은 집에서 연탄난로를 땔 정도로 소박한 생활을 했습니다. [[ref5]]"
45,중세 잉글랜드와 현대 아이오와 주의 농업 방식의 공통점과 차이점은 무엇인가요?,"중세 잉글랜드와 현대 아이오와 주의 농업 방식은 곡물 재배와 가축 사육, 그리고 토양 영양 관리를 위한 윤작(순환 재배)이라는 공통점이 있습니다. 그러나 차이점도 뚜렷합니다. 잉글랜드는 비료의 부족으로 삼경법에 의한 휴경이 필수적이었고, 주요 곡물로 밀과 보리, 귀리 등을 재배했으며, 가축 사육의 규모가 제한적이었습니다. 반면 현대 아이오와 주는 비료와 기계화에 기반한 고도화된 농업 방식을 사용하며, 옥수수와 콩의 대량 재배, 미국 내 최대 규모의 돼지와 소의 집약적 사육이 특징입니다. 또한, 토지 관리 방식이나 소유, 영농 의사결정 구조에서도 현대 산업 농업의 특성을 보입니다.",False,"중세 잉글랜드와 현대 아이오와 주의 농업 방식에는 몇 가지 공통점과 차이점이 있습니다.

**공통점:**
1. **작물의 다양성**: 두 지역 모두 다양한 작물을 재배합니다. 중세 잉글랜드에서는 밀, 보리, 귀리, 협과, 호밀, 아마, 사과, 채소 등을 재배했으며, 현대 아이오와 주에서는 옥수수, 콩, 귀리, 밀, 사과, 아스파라거스, 양배추, 완두콩, 호박, 사탕무, 토마토 등을 재배합니다 [[ref1]], [[ref3]].
2. **가축 사육**: 두 지역 모두 가축을 사육합니다. 중세 잉글랜드에서는 양, 돼지, 소, 말, 가금류를 길렀고, 현대 아이오와 주에서는 돼지, 소, 젖소, 닭, 칠면조, 양, 말을 사육합니다 [[ref1]], [[ref3]].
3. **윤작**: 중세 잉글랜드에서는 삼경법을 사용하여 밭을 순환하며 경작하고 휴경지를 두어 토양의 양분을 회복시켰습니다. 현대 아이오와 주에서도 콩과 옥수수를 윤작하여 토양의 영양 균형을 유지합니다 [[ref1]], [[ref3]].

**차이점:**
1. **주요 작물**: 중세 잉글랜드의 주요 작물은 밀과 보리였으며, 현대 아이오와 주의 주요 작물은 옥수수와 콩입니다 [[ref1]], [[ref3]].
2. **농업 기술**: 중세 잉글랜드에서는 퇴비나 비료가 부족하여 휴경지를 두어 자연적으로 토양의 양분을 회복시켰습니다. 반면, 현대 아이오와 주에서는 현대적인 농업 기술과 비료를 사용하여 토양의 영양을 관리합니다 [[ref1]], [[ref3]].
3. **기계화**: 중세 잉글랜드에서는 주로 인력과 동물의 힘을 이용하여 농사를 지었으며, 쟁기를 끌기 위해 소나 말을 사용했습니다. 현대 아이오와 주에서는 트랙터와 같은 기계화된 장비를 사용하여 농업 생산성을 높입니다 [[ref1]], [[ref3]].

이와 같이 중세 잉글랜드와 현대 아이오와 주의 농업 방식은 작물의 다양성과 가축 사육, 윤작 등의 공통점을 가지지만, 주요 작물, 농업 기술, 기계화 등의 차이점도 존재합니다."
46,아내가 부자를 괴롭히기 위해 사용한 것은?,아내가 부자를 괴롭히기 위해 사용한 것은 일부러 부자에게 술을 먹여서 술에 취하게 하는 일이었다.,False,"아내가 부자를 괴롭히기 위해 사용한 방법은 부자를 술취하게 만드는 것이었습니다. 아내는 부자가 술에 취해 골아 떨어지면 몰래 집을 빠져나와 바람을 피우곤 했습니다. 부자가 이를 알아차리고 미행한 후, 아내는 우물에 몸을 던지는 척하며 부자를 속이고 집에 들어가 문을 잠그는 등의 행동을 통해 부자를 괴롭혔습니다. 이로 인해 부자는 이웃 사람들과 아내의 친정 사람들에게 비난과 폭행을 당하게 되었습니다 [[ref1]]."
47,디스크 드라이브가 없는 플레이스테이션5는 얼마인가요?,49만 8천원입니다.,False,"디스크 드라이브가 없는 플레이스테이션5, 즉 디지털 에디션의 가격은 49만 8천원입니다 [[ref5]]."
48,혜화동에 살 당시 장면의 직책은 무엇이었는가?,국무총리(총리)였다.,False,"장면이 혜화동에 살 당시 그의 직책은 대한민국의 국무총리였습니다. 그는 내각 책임제 하에서 국무총리로 재직 중이었으며, 총리 재직 중에도 혜화동의 작은 집에서 연탄난로를 땔 정도로 소박한 생활을 했습니다. [[ref5]]"
49,한신공영이 시흥배곧 한신휴플러스를 분양하는 날짜는?,한신공영이 시흥배곧 한신휴플러스를 분양하는 날짜는 15일입니다.,False,한신공영이 시흥배곧 한신휴플러스를 분양하는 날짜는 15일입니다 [[ref2]].
50,중세 잉글랜드와 현대 아이오와 주의 농업 방식의 공통점과 차이점은 무엇인가요?,"공통점:
- 곡물과 채소 등 다양한 작물을 재배하고, 여러 종류의 가축을 사육하는 혼합농업을 한다.
- 토양의 비옥도를 유지하기 위해 작물의 윤작 또는 삼경법과 같은 농법을 활용한다.

차이점:
- 중세 잉글랜드는 토양 비옥도 유지와 퇴비 부족으로 삼경법(밭 일부 휴경)을 사용했으나, 아이오와 주는 대규모 휴경 없이 윤작(특히 콩-옥수수) 위주로 농사를 짓는다.
- 잉글랜드는 영주가 토지 이용과 작물 재배 방식을 법적으로 감독하고, 소작농의 가축 소유가 매우 제한적이었으나, 아이오와 주는 독립 농가 중심으로 운영된다(컨텍스트 내 인물 구조 상 차이).
- 주요 작물에 차이가 있다. 잉글랜드는 밀, 보리, 귀리가 중심인 반면, 아이오와 주는 옥수수와 콩이 가장 크고, 옥수수는 주로 가축 사료로 쓰인다.
- 생산성과 농업 기술, 가공 및 유통의 다양성 면에서도 큰 차이가 있다. 중세 잉글랜드는 수확량이 적고 소비도 주로 곡물 자체에 집중되었으나, 아이오와 주는 많은 작물이 사료, 기름, 육류, 유제품 등으로 가공 되어 생산 및 소비체계가 복합적이다.
- 가축 방목과 기르기도 양상에 차이가 있는데, 잉글랜드는 소수의 사람이 쟁기에 쓸 소나 말을 소유했으며 공동 작업이 필요했으나, 아이오와 주는 대규모로 소, 돼지, 닭, 칠면조, 양, 말 등을 사육한다.",False,"중세 잉글랜드와 현대 아이오와 주의 농업 방식에는 몇 가지 공통점과 차이점이 있습니다.

**공통점:**
1. **작물의 다양성**: 두 지역 모두 다양한 작물을 재배합니다. 중세 잉글랜드에서는 밀, 보리, 귀리, 협과, 호밀, 아마, 사과, 채소 등을 재배했으며, 현대 아이오와 주에서는 옥수수, 콩, 귀리, 밀, 사과, 아스파라거스, 양배추, 완두콩, 호박, 사탕무, 토마토 등을 재배합니다 [[ref1]], [[ref3]].
2. **가축 사육**: 두 지역 모두 가축을 사육합니다. 중세 잉글랜드에서는 양, 돼지, 소, 말, 가금류를 길렀고, 현대 아이오와 주에서는 돼지, 소, 젖소, 닭, 칠면조, 양, 말을 사육합니다 [[ref1]], [[ref3]].
3. **윤작**: 중세 잉글랜드에서는 삼경법을 사용하여 밭을 순환하며 경작하고 휴경지를 두어 토양의 양분을 회복시켰습니다. 현대 아이오와 주에서도 콩과 옥수수를 윤작하여 토양의 영양 균형을 유지합니다 [[ref1]], [[ref3]].

**차이점:**
1. **주요 작물**: 중세 잉글랜드의 주요 작물은 밀과 보리였으며, 현대 아이오와 주의 주요 작물은 옥수수와 콩입니다 [[ref1]], [[ref3]].
2. **농업 기술**: 중세 잉글랜드에서는 퇴비나 비료가 부족하여 휴경지를 두어 자연적으로 토양의 양분을 회복시켰습니다. 반면, 현대 아이오와 주에서는 현대적인 농업 기술과 비료를 사용하여 토양의 영양을 관리합니다 [[ref1]], [[ref3]].
3. **기계화**: 중세 잉글랜드에서는 주로 인력과 동물의 힘을 이용하여 농사를 지었으며, 쟁기를 끌기 위해 소나 말을 사용했습니다. 현대 아이오와 주에서는 트랙터와 같은 기계화된 장비를 사용하여 농업 생산성을 높입니다 [[ref1]], [[ref3]].

이와 같이 중세 잉글랜드와 현대 아이오와 주의 농업 방식은 작물의 다양성과 가축 사육, 윤작 등의 공통점을 가지지만, 주요 작물, 농업 기술, 기계화 등의 차이점도 존재합니다."
51,아내가 부자를 괴롭히기 위해 사용한 것은?,"아내는 일부러 남편에게 술을 먹여 취하게 만든 뒤, 남편이 잠들면 그 사이에 몰래 나가서 남편을 괴롭혔습니다.",False,"아내가 부자를 괴롭히기 위해 사용한 방법은 부자를 술취하게 만드는 것이었습니다. 아내는 부자가 술에 취해 골아 떨어지면 몰래 집을 빠져나와 바람을 피우곤 했습니다. 부자가 이를 알아차리고 미행한 후, 아내는 우물에 몸을 던지는 척하며 부자를 속이고 집에 들어가 문을 잠그는 등의 행동을 통해 부자를 괴롭혔습니다. 이로 인해 부자는 이웃 사람들과 아내의 친정 사람들에게 비난과 폭행을 당하게 되었습니다 [[ref1]]."
52,디스크 드라이브가 없는 플레이스테이션5는 얼마인가요?,디스크 드라이브가 없는 플레이스테이션5의 가격은 49만 8천원입니다.,False,"디스크 드라이브가 없는 플레이스테이션5, 즉 디지털 에디션의 가격은 49만 8천원입니다 [[ref5]]."
53,한신공영이 시흥배곧 한신휴플러스를 분양하는 날짜는?,한신공영이 시흥배곧 한신휴플러스를 분양하는 날짜는 15일입니다.,False,한신공영이 시흥배곧 한신휴플러스를 분양하는 날짜는 15일입니다 [[ref2]].
54,혜화동에 살 당시 장면의 직책은 무엇이었는가?,혜화동에 살 당시 장면의 직책은 대한민국 국무총리(제2공화국 내각책임제의 내각수반)였습니다.,False,"장면이 혜화동에 살 당시 그의 직책은 대한민국의 국무총리였습니다. 그는 내각 책임제 하에서 국무총리로 재직 중이었으며, 총리 재직 중에도 혜화동의 작은 집에서 연탄난로를 땔 정도로 소박한 생활을 했습니다. [[ref5]]"
55,중세 잉글랜드와 현대 아이오와 주의 농업 방식의 공통점과 차이점은 무엇인가요?,"중세 잉글랜드와 현대 아이오와 주의 농업 방식은 곡물 재배와 가축 사육이 혼합되어 지역 경제의 핵심을 담당한다는 공통점이 있습니다. 그러나 중세 잉글랜드는 삼경법 등 전통적·비효율적 방식과 영주 중심의 토지 관리, 곡물 주식 소비가 특징이며, 현대 아이오와 주는 윤작, 토양 영양 관리, 기계화 등 과학적이고 효율적인 방식, 가축 사료 중심의 곡물 사용, 대규모 생산 구조 등에서 차이가 있습니다. 또한, 농작물과 가축의 사용 목적, 사회적 구조, 재배 및 사육 규모와 다양성에서도 큰 차이를 보입니다.",False,"중세 잉글랜드와 현대 아이오와 주의 농업 방식에는 몇 가지 공통점과 차이점이 있습니다.

**공통점:**
1. **작물의 다양성**: 두 지역 모두 다양한 작물을 재배합니다. 중세 잉글랜드에서는 밀, 보리, 귀리, 협과, 호밀, 아마, 사과, 채소 등을 재배했으며, 현대 아이오와 주에서는 옥수수, 콩, 귀리, 밀, 사과, 아스파라거스, 양배추, 완두콩, 호박, 사탕무, 토마토 등을 재배합니다 [[ref1]], [[ref3]].
2. **가축 사육**: 두 지역 모두 가축을 사육합니다. 중세 잉글랜드에서는 양, 돼지, 소, 말, 가금류를 길렀고, 현대 아이오와 주에서는 돼지, 소, 젖소, 닭, 칠면조, 양, 말을 사육합니다 [[ref1]], [[ref3]].
3. **윤작**: 중세 잉글랜드에서는 삼경법을 사용하여 밭을 순환하며 경작하고 휴경지를 두어 토양의 양분을 회복시켰습니다. 현대 아이오와 주에서도 콩과 옥수수를 윤작하여 토양의 영양 균형을 유지합니다 [[ref1]], [[ref3]].

**차이점:**
1. **주요 작물**: 중세 잉글랜드의 주요 작물은 밀과 보리였으며, 현대 아이오와 주의 주요 작물은 옥수수와 콩입니다 [[ref1]], [[ref3]].
2. **농업 기술**: 중세 잉글랜드에서는 퇴비나 비료가 부족하여 휴경지를 두어 자연적으로 토양의 양분을 회복시켰습니다. 반면, 현대 아이오와 주에서는 현대적인 농업 기술과 비료를 사용하여 토양의 영양을 관리합니다 [[ref1]], [[ref3]].
3. **기계화**: 중세 잉글랜드에서는 주로 인력과 동물의 힘을 이용하여 농사를 지었으며, 쟁기를 끌기 위해 소나 말을 사용했습니다. 현대 아이오와 주에서는 트랙터와 같은 기계화된 장비를 사용하여 농업 생산성을 높입니다 [[ref1]], [[ref3]].

이와 같이 중세 잉글랜드와 현대 아이오와 주의 농업 방식은 작물의 다양성과 가축 사육, 윤작 등의 공통점을 가지지만, 주요 작물, 농업 기술, 기계화 등의 차이점도 존재합니다."
56,혜화동에 살 당시 장면의 직책은 무엇이었는가?,장면이 혜화동에 살 당시 그의 직책은 국무총리였습니다.,False,"장면이 혜화동에 살 당시 그의 직책은 대한민국의 국무총리였습니다. 그는 내각 책임제 하에서 국무총리로 재직 중이었으며, 총리 재직 중에도 혜화동의 작은 집에서 연탄난로를 땔 정도로 소박한 생활을 했습니다. [[ref5]]"
57,중세 잉글랜드와 현대 아이오와 주의 농업 방식의 공통점과 차이점은 무엇인가요?,"중세 잉글랜드와 현대 아이오와 주의 농업 방식은 모두 곡물 재배와 가축 사육을 기본으로 하고 있으며, 토지의 지속 가능한 활용(윤작, 순환 등)을 중요하게 여긴다는 공통점이 있습니다. 그러나 두 지역의 농업에는 다음과 같은 차이점이 있습니다. 중세 잉글랜드는 삼경법에 기반한 소규모 농업과 휴경, 제한된 농기구, 비료 부족 등 제약이 있었습니다. 가축 사육은 생계 중심 소규모였고, 생산성이 낮았으며 지역 내 자급자족 구조가 강했습니다. 이에 비해 현대 아이오와는 대규모 집약적, 기계화된 농업이 주류이며, 과학적 윤작, 인공비료 및 기계를 활용하여 생산성이 높습니다. 가축 사육도 산업화가 이뤄져 돼지, 소 등이 시장 공급을 위한 대규모 방식으로 사육됩니다. 주작물 역시 중세 잉글랜드에서는 밀과 보리, 아이오와에서는 옥수수와 콩 등으로 차이가 큽니다.",False,"중세 잉글랜드와 현대 아이오와 주의 농업 방식에는 몇 가지 공통점과 차이점이 있습니다.

**공통점:**
1. **작물의 다양성**: 두 지역 모두 다양한 작물을 재배합니다. 중세 잉글랜드에서는 밀, 보리, 귀리, 협과, 호밀, 아마, 사과, 채소 등을 재배했으며, 현대 아이오와 주에서는 옥수수, 콩, 귀리, 밀, 사과, 아스파라거스, 양배추, 완두콩, 호박, 사탕무, 토마토 등을 재배합니다 [[ref1]], [[ref3]].
2. **가축 사육**: 두 지역 모두 가축을 사육합니다. 중세 잉글랜드에서는 양, 돼지, 소, 말, 가금류를 길렀고, 현대 아이오와 주에서는 돼지, 소, 젖소, 닭, 칠면조, 양, 말을 사육합니다 [[ref1]], [[ref3]].
3. **윤작**: 중세 잉글랜드에서는 삼경법을 사용하여 밭을 순환하며 경작하고 휴경지를 두어 토양의 양분을 회복시켰습니다. 현대 아이오와 주에서도 콩과 옥수수를 윤작하여 토양의 영양 균형을 유지합니다 [[ref1]], [[ref3]].

**차이점:**
1. **주요 작물**: 중세 잉글랜드의 주요 작물은 밀과 보리였으며, 현대 아이오와 주의 주요 작물은 옥수수와 콩입니다 [[ref1]], [[ref3]].
2. **농업 기술**: 중세 잉글랜드에서는 퇴비나 비료가 부족하여 휴경지를 두어 자연적으로 토양의 양분을 회복시켰습니다. 반면, 현대 아이오와 주에서는 현대적인 농업 기술과 비료를 사용하여 토양의 영양을 관리합니다 [[ref1]], [[ref3]].
3. **기계화**: 중세 잉글랜드에서는 주로 인력과 동물의 힘을 이용하여 농사를 지었으며, 쟁기를 끌기 위해 소나 말을 사용했습니다. 현대 아이오와 주에서는 트랙터와 같은 기계화된 장비를 사용하여 농업 생산성을 높입니다 [[ref1]], [[ref3]].

이와 같이 중세 잉글랜드와 현대 아이오와 주의 농업 방식은 작물의 다양성과 가축 사육, 윤작 등의 공통점을 가지지만, 주요 작물, 농업 기술, 기계화 등의 차이점도 존재합니다."
59,디스크 드라이브가 없는 플레이스테이션5는 얼마인가요?,디스크 드라이브가 없는 플레이스테이션5(디지털 에디션)는 49만 8천원입니다.,False,"디스크 드라이브가 없는 플레이스테이션5, 즉 디지털 에디션의 가격은 49만 8천원입니다 [[ref5]]."
59,아내가 부자를 괴롭히기 위해 사용한 것은?,부인을 괴롭히기 위해 사용한 것은 일부러 부자를 술에 취하게 하는 것이었다.,False,"아내가 부자를 괴롭히기 위해 사용한 방법은 부자를 술취하게 만드는 것이었습니다. 아내는 부자가 술에 취해 골아 떨어지면 몰래 집을 빠져나와 바람을 피우곤 했습니다. 부자가 이를 알아차리고 미행한 후, 아내는 우물에 몸을 던지는 척하며 부자를 속이고 집에 들어가 문을 잠그는 등의 행동을 통해 부자를 괴롭혔습니다. 이로 인해 부자는 이웃 사람들과 아내의 친정 사람들에게 비난과 폭행을 당하게 되었습니다 [[ref1]]."
60,한신공영이 시흥배곧 한신휴플러스를 분양하는 날짜는?,한신공영이 시흥배곧 한신휴플러스를 분양하는 날짜는 15일입니다.,False,한신공영이 시흥배곧 한신휴플러스를 분양하는 날짜는 15일입니다 [[ref2]].
63,디스크 드라이브가 없는 플레이스테이션5는 얼마인가요?,디스크 드라이브가 없는 플레이스테이션5(디지털 에디션)의 가격은 49만 8천원입니다.,False,"디스크 드라이브가 없는 플레이스테이션5, 즉 디지털 에디션의 가격은 49만 8천원입니다 [[ref5]]."
64,중세 잉글랜드와 현대 아이오와 주의 농업 방식의 공통점과 차이점은 무엇인가요?,"중세 잉글랜드와 현대 아이오와 주의 농업 방식의 공통점은 다음과 같습니다:
- 두 지역 모두 여러 종류의 곡물과 채소를 재배하고, 소, 돼지, 양, 닭 등 다양한 가축을 키웠습니다.
- 곡물과 가축이 모두 중요한 식량이자 환금 작물(또는 생산물)로 사용되었습니다.
- 토양의 양분 보전을 위해 삼경법(휴경)이나 윤작 등 일정한 경작 관리법을 사용했습니다.

차이점은 다음과 같습니다:
- 중세 잉글랜드는 비료가 부족해 휴경지가 필요했고, 삼경법을 사용해 밭을 돌려가며 경작했습니다. 반면, 아이오와 주는 윤작과 사료작물 재배로 토양 질소를 복구하며, 더 효율적으로 토양을 관리합니다.
- 중세 잉글랜드의 주요 작물은 밀과 보리였던 반면, 아이오와 주는 옥수수와 콩이 농업의 중심입니다.
- 중세 잉글랜드에서는 쟁기질 등 노동에 가축을 사용했으며, 가축 보유는 일부 지주에 한정되었습니다. 아이오와 주는 기계화된 대규모 가축 사육 및 곡물 생산이 이루어집니다.
- 중세 잉글랜드는 농업 경영의 의사결정이 영주에게 있고 법적으로 보장되었으나, 현대 아이오와 주에서는 개인 또는 기업 농장이 중심입니다.
- 아이오와 주는 달걀, 꿀, 우유 등 다양한 축산물을 대규모로 생산하는 반면, 중세 잉글랜드에서는 대규모 유제품 생산에 대한 언급이 없습니다.",False,"중세 잉글랜드와 현대 아이오와 주의 농업 방식에는 몇 가지 공통점과 차이점이 있습니다.

**공통점:**
1. **작물의 다양성**: 두 지역 모두 다양한 작물을 재배합니다. 중세 잉글랜드에서는 밀, 보리, 귀리, 협과, 호밀, 아마, 사과, 채소 등을 재배했으며, 현대 아이오와 주에서는 옥수수, 콩, 귀리, 밀, 사과, 아스파라거스, 양배추, 완두콩, 호박, 사탕무, 토마토 등을 재배합니다 [[ref1]], [[ref3]].
2. **가축 사육**: 두 지역 모두 가축을 사육합니다. 중세 잉글랜드에서는 양, 돼지, 소, 말, 가금류를 길렀고, 현대 아이오와 주에서는 돼지, 소, 젖소, 닭, 칠면조, 양, 말을 사육합니다 [[ref1]], [[ref3]].
3. **윤작**: 중세 잉글랜드에서는 삼경법을 사용하여 밭을 순환하며 경작하고 휴경지를 두어 토양의 양분을 회복시켰습니다. 현대 아이오와 주에서도 콩과 옥수수를 윤작하여 토양의 영양 균형을 유지합니다 [[ref1]], [[ref3]].

**차이점:**
1. **주요 작물**: 중세 잉글랜드의 주요 작물은 밀과 보리였으며, 현대 아이오와 주의 주요 작물은 옥수수와 콩입니다 [[ref1]], [[ref3]].
2. **농업 기술**: 중세 잉글랜드에서는 퇴비나 비료가 부족하여 휴경지를 두어 자연적으로 토양의 양분을 회복시켰습니다. 반면, 현대 아이오와 주에서는 현대적인 농업 기술과 비료를 사용하여 토양의 영양을 관리합니다 [[ref1]], [[ref3]].
3. **기계화**: 중세 잉글랜드에서는 주로 인력과 동물의 힘을 이용하여 농사를 지었으며, 쟁기를 끌기 위해 소나 말을 사용했습니다. 현대 아이오와 주에서는 트랙터와 같은 기계화된 장비를 사용하여 농업 생산성을 높입니다 [[ref1]], [[ref3]].

이와 같이 중세 잉글랜드와 현대 아이오와 주의 농업 방식은 작물의 다양성과 가축 사육, 윤작 등의 공통점을 가지지만, 주요 작물, 농업 기술, 기계화 등의 차이점도 존재합니다."
64,아내가 부자를 괴롭히기 위해 사용한 것은?,술,False,"아내가 부자를 괴롭히기 위해 사용한 방법은 부자를 술취하게 만드는 것이었습니다. 아내는 부자가 술에 취해 골아 떨어지면 몰래 집을 빠져나와 바람을 피우곤 했습니다. 부자가 이를 알아차리고 미행한 후, 아내는 우물에 몸을 던지는 척하며 부자를 속이고 집에 들어가 문을 잠그는 등의 행동을 통해 부자를 괴롭혔습니다. 이로 인해 부자는 이웃 사람들과 아내의 친정 사람들에게 비난과 폭행을 당하게 되었습니다 [[ref1]]."
64,혜화동에 살 당시 장면의 직책은 무엇이었는가?,혜화동에 살 당시 장면의 직책은 국무총리(총리)였습니다.,False,"장면이 혜화동에 살 당시 그의 직책은 대한민국의 국무총리였습니다. 그는 내각 책임제 하에서 국무총리로 재직 중이었으며, 총리 재직 중에도 혜화동의 작은 집에서 연탄난로를 땔 정도로 소박한 생활을 했습니다. [[ref5]]"
65,한신공영이 시흥배곧 한신휴플러스를 분양하는 날짜는?,한신공영이 시흥배곧 한신휴플러스를 분양하는 날짜는 15일입니다.,False,한신공영이 시흥배곧 한신휴플러스를 분양하는 날짜는 15일입니다 [[ref2]].
67,혜화동에 살 당시 장면의 직책은 무엇이었는가?,장면이 혜화동에 살 당시 그의 직책은 대한민국 국무총리였습니다.,False,"장면이 혜화동에 살 당시 그의 직책은 대한민국의 국무총리였습니다. 그는 내각 책임제 하에서 국무총리로 재직 중이었으며, 총리 재직 중에도 혜화동의 작은 집에서 연탄난로를 땔 정도로 소박한 생활을 했습니다. [[ref5]]"
67,중세 잉글랜드와 현대 아이오와 주의 농업 방식의 공통점과 차이점은 무엇인가요?,"중세 잉글랜드와 현대 아이오와 주의 농업 방식은 곡물 재배와 가축 사육, 그리고 토양 영양 관리를 위한 윤작(순환 재배)이라는 공통점이 있습니다. 그러나 차이점도 뚜렷합니다. 잉글랜드는 비료의 부족으로 삼경법에 의한 휴경이 필수적이었고, 주요 곡물로 밀과 보리, 귀리 등을 재배했으며, 가축 사육의 규모가 제한적이었습니다. 반면 현대 아이오와 주는 비료와 기계화에 기반한 고도화된 농업 방식을 사용하며, 옥수수와 콩의 대량 재배, 미국 내 최대 규모의 돼지와 소의 집약적 사육이 특징입니다. 또한, 토지 관리 방식이나 소유, 영농 의사결정 구조에서도 현대 산업 농업의 특성을 보입니다.",False,"중세 잉글랜드와 현대 아이오와 주의 농업 방식에는 몇 가지 공통점과 차이점이 있습니다.

**공통점:**
1. **작물의 다양성**: 두 지역 모두 다양한 작물을 재배합니다. 중세 잉글랜드에서는 밀, 보리, 귀리, 협과, 호밀, 아마, 사과, 채소 등을 재배했으며, 현대 아이오와 주에서는 옥수수, 콩, 귀리, 밀, 사과, 아스파라거스, 양배추, 완두콩, 호박, 사탕무, 토마토 등을 재배합니다 [[ref1]], [[ref3]].
2. **가축 사육**: 두 지역 모두 가축을 사육합니다. 중세 잉글랜드에서는 양, 돼지, 소, 말, 가금류를 길렀고, 현대 아이오와 주에서는 돼지, 소, 젖소, 닭, 칠면조, 양, 말을 사육합니다 [[ref1]], [[ref3]].
3. **윤작**: 중세 잉글랜드에서는 삼경법을 사용하여 밭을 순환하며 경작하고 휴경지를 두어 토양의 양분을 회복시켰습니다. 현대 아이오와 주에서도 콩과 옥수수를 윤작하여 토양의 영양 균형을 유지합니다 [[ref1]], [[ref3]].

**차이점:**
1. **주요 작물**: 중세 잉글랜드의 주요 작물은 밀과 보리였으며, 현대 아이오와 주의 주요 작물은 옥수수와 콩입니다 [[ref1]], [[ref3]].
2. **농업 기술**: 중세 잉글랜드에서는 퇴비나 비료가 부족하여 휴경지를 두어 자연적으로 토양의 양분을 회복시켰습니다. 반면, 현대 아이오와 주에서는 현대적인 농업 기술과 비료를 사용하여 토양의 영양을 관리합니다 [[ref1]], [[ref3]].
3. **기계화**: 중세 잉글랜드에서는 주로 인력과 동물의 힘을 이용하여 농사를 지었으며, 쟁기를 끌기 위해 소나 말을 사용했습니다. 현대 아이오와 주에서는 트랙터와 같은 기계화된 장비를 사용하여 농업 생산성을 높입니다 [[ref1]], [[ref3]].

이와 같이 중세 잉글랜드와 현대 아이오와 주의 농업 방식은 작물의 다양성과 가축 사육, 윤작 등의 공통점을 가지지만, 주요 작물, 농업 기술, 기계화 등의 차이점도 존재합니다."
68,아내가 부자를 괴롭히기 위해 사용한 것은?,아내가 부자를 괴롭히기 위해 사용한 것은 부자에게 술을 자주 권해 술취하게 만드는 것이었다.,False,"아내가 부자를 괴롭히기 위해 사용한 방법은 부자를 술취하게 만드는 것이었습니다. 아내는 부자가 술에 취해 골아 떨어지면 몰래 집을 빠져나와 바람을 피우곤 했습니다. 부자가 이를 알아차리고 미행한 후, 아내는 우물에 몸을 던지는 척하며 부자를 속이고 집에 들어가 문을 잠그는 등의 행동을 통해 부자를 괴롭혔습니다. 이로 인해 부자는 이웃 사람들과 아내의 친정 사람들에게 비난과 폭행을 당하게 되었습니다 [[ref1]]."
69,디스크 드라이브가 없는 플레이스테이션5는 얼마인가요?,디스크 드라이브가 없는 플레이스테이션5(디지털 에디션)는 49만 8천원입니다.,False,"디스크 드라이브가 없는 플레이스테이션5, 즉 디지털 에디션의 가격은 49만 8천원입니다 [[ref5]]."
70,한신공영이 시흥배곧 한신휴플러스를 분양하는 날짜는?,한신공영이 ‘시흥배곧 한신휴플러스’를 분양하는 날짜는 15일입니다.,False,한신공영이 시흥배곧 한신휴플러스를 분양하는 날짜는 15일입니다 [[ref2]].
71,아내가 부자를 괴롭히기 위해 사용한 것은?,아내가 부자를 괴롭히기 위해 사용한 것은 일부러 부자에게 술을 먹여서 술에 취하게 하는 일이었다.,False,"아내가 부자를 괴롭히기 위해 사용한 방법은 부자를 술취하게 만드는 것이었습니다. 아내는 부자가 술에 취해 골아 떨어지면 몰래 집을 빠져나와 바람을 피우곤 했습니다. 부자가 이를 알아차리고 미행한 후, 아내는 우물에 몸을 던지는 척하며 부자를 속이고 집에 들어가 문을 잠그는 등의 행동을 통해 부자를 괴롭혔습니다. 이로 인해 부자는 이웃 사람들과 아내의 친정 사람들에게 비난과 폭행을 당하게 되었습니다 [[ref1]]."
72,디스크 드라이브가 없는 플레이스테이션5는 얼마인가요?,49만 8천원입니다.,False,"디스크 드라이브가 없는 플레이스테이션5, 즉 디지털 에디션의 가격은 49만 8천원입니다 [[ref5]]."
73,혜화동에 살 당시 장면의 직책은 무엇이었는가?,국무총리(총리)였다.,False,"장면이 혜화동에 살 당시 그의 직책은 대한민국의 국무총리였습니다. 그는 내각 책임제 하에서 국무총리로 재직 중이었으며, 총리 재직 중에도 혜화동의 작은 집에서 연탄난로를 땔 정도로 소박한 생활을 했습니다. [[ref5]]"
75,중세 잉글랜드와 현대 아이오와 주의 농업 방식의 공통점과 차이점은 무엇인가요?,"공통점:
- 곡물과 채소 등 다양한 작물을 재배하고, 여러 종류의 가축을 사육하는 혼합농업을 한다.
- 토양의 비옥도를 유지하기 위해 작물의 윤작 또는 삼경법과 같은 농법을 활용한다.

차이점:
- 중세 잉글랜드는 토양 비옥도 유지와 퇴비 부족으로 삼경법(밭 일부 휴경)을 사용했으나, 아이오와 주는 대규모 휴경 없이 윤작(특히 콩-옥수수) 위주로 농사를 짓는다.
- 잉글랜드는 영주가 토지 이용과 작물 재배 방식을 법적으로 감독하고, 소작농의 가축 소유가 매우 제한적이었으나, 아이오와 주는 독립 농가 중심으로 운영된다(컨텍스트 내 인물 구조 상 차이).
- 주요 작물에 차이가 있다. 잉글랜드는 밀, 보리, 귀리가 중심인 반면, 아이오와 주는 옥수수와 콩이 가장 크고, 옥수수는 주로 가축 사료로 쓰인다.
- 생산성과 농업 기술, 가공 및 유통의 다양성 면에서도 큰 차이가 있다. 중세 잉글랜드는 수확량이 적고 소비도 주로 곡물 자체에 집중되었으나, 아이오와 주는 많은 작물이 사료, 기름, 육류, 유제품 등으로 가공 되어 생산 및 소비체계가 복합적이다.
- 가축 방목과 기르기도 양상에 차이가 있는데, 잉글랜드는 소수의 사람이 쟁기에 쓸 소나 말을 소유했으며 공동 작업이 필요했으나, 아이오와 주는 대규모로 소, 돼지, 닭, 칠면조, 양, 말 등을 사육한다.",False,"중세 잉글랜드와 현대 아이오와 주의 농업 방식에는 몇 가지 공통점과 차이점이 있습니다.

**공통점:**
1. **작물의 다양성**: 두 지역 모두 다양한 작물을 재배합니다. 중세 잉글랜드에서는 밀, 보리, 귀리, 협과, 호밀, 아마, 사과, 채소 등을 재배했으며, 현대 아이오와 주에서는 옥수수, 콩, 귀리, 밀, 사과, 아스파라거스, 양배추, 완두콩, 호박, 사탕무, 토마토 등을 재배합니다 [[ref1]], [[ref3]].
2. **가축 사육**: 두 지역 모두 가축을 사육합니다. 중세 잉글랜드에서는 양, 돼지, 소, 말, 가금류를 길렀고, 현대 아이오와 주에서는 돼지, 소, 젖소, 닭, 칠면조, 양, 말을 사육합니다 [[ref1]], [[ref3]].
3. **윤작**: 중세 잉글랜드에서는 삼경법을 사용하여 밭을 순환하며 경작하고 휴경지를 두어 토양의 양분을 회복시켰습니다. 현대 아이오와 주에서도 콩과 옥수수를 윤작하여 토양의 영양 균형을 유지합니다 [[ref1]], [[ref3]].

**차이점:**
1. **주요 작물**: 중세 잉글랜드의 주요 작물은 밀과 보리였으며, 현대 아이오와 주의 주요 작물은 옥수수와 콩입니다 [[ref1]], [[ref3]].
2. **농업 기술**: 중세 잉글랜드에서는 퇴비나 비료가 부족하여 휴경지를 두어 자연적으로 토양의 양분을 회복시켰습니다. 반면, 현대 아이오와 주에서는 현대적인 농업 기술과 비료를 사용하여 토양의 영양을 관리합니다 [[ref1]], [[ref3]].
3. **기계화**: 중세 잉글랜드에서는 주로 인력과 동물의 힘을 이용하여 농사를 지었으며, 쟁기를 끌기 위해 소나 말을 사용했습니다. 현대 아이오와 주에서는 트랙터와 같은 기계화된 장비를 사용하여 농업 생산성을 높입니다 [[ref1]], [[ref3]].

이와 같이 중세 잉글랜드와 현대 아이오와 주의 농업 방식은 작물의 다양성과 가축 사육, 윤작 등의 공통점을 가지지만, 주요 작물, 농업 기술, 기계화 등의 차이점도 존재합니다."
75,한신공영이 시흥배곧 한신휴플러스를 분양하는 날짜는?,한신공영이 시흥배곧 한신휴플러스를 분양하는 날짜는 15일입니다.,False,한신공영이 시흥배곧 한신휴플러스를 분양하는 날짜는 15일입니다 [[ref2]].
76,아내가 부자를 괴롭히기 위해 사용한 것은?,"아내는 일부러 남편에게 술을 먹여 취하게 만든 뒤, 남편이 잠들면 그 사이에 몰래 나가서 남편을 괴롭혔습니다.",False,"아내가 부자를 괴롭히기 위해 사용한 방법은 부자를 술취하게 만드는 것이었습니다. 아내는 부자가 술에 취해 골아 떨어지면 몰래 집을 빠져나와 바람을 피우곤 했습니다. 부자가 이를 알아차리고 미행한 후, 아내는 우물에 몸을 던지는 척하며 부자를 속이고 집에 들어가 문을 잠그는 등의 행동을 통해 부자를 괴롭혔습니다. 이로 인해 부자는 이웃 사람들과 아내의 친정 사람들에게 비난과 폭행을 당하게 되었습니다 [[ref1]]."
77,중세 잉글랜드와 현대 아이오와 주의 농업 방식의 공통점과 차이점은 무엇인가요?,"중세 잉글랜드와 현대 아이오와 주의 농업 방식은 곡물 재배와 가축 사육이 혼합되어 지역 경제의 핵심을 담당한다는 공통점이 있습니다. 그러나 중세 잉글랜드는 삼경법 등 전통적·비효율적 방식과 영주 중심의 토지 관리, 곡물 주식 소비가 특징이며, 현대 아이오와 주는 윤작, 토양 영양 관리, 기계화 등 과학적이고 효율적인 방식, 가축 사료 중심의 곡물 사용, 대규모 생산 구조 등에서 차이가 있습니다. 또한, 농작물과 가축의 사용 목적, 사회적 구조, 재배 및 사육 규모와 다양성에서도 큰 차이를 보입니다.",False,"중세 잉글랜드와 현대 아이오와 주의 농업 방식에는 몇 가지 공통점과 차이점이 있습니다.

**공통점:**
1. **작물의 다양성**: 두 지역 모두 다양한 작물을 재배합니다. 중세 잉글랜드에서는 밀, 보리, 귀리, 협과, 호밀, 아마, 사과, 채소 등을 재배했으며, 현대 아이오와 주에서는 옥수수, 콩, 귀리, 밀, 사과, 아스파라거스, 양배추, 완두콩, 호박, 사탕무, 토마토 등을 재배합니다 [[ref1]], [[ref3]].
2. **가축 사육**: 두 지역 모두 가축을 사육합니다. 중세 잉글랜드에서는 양, 돼지, 소, 말, 가금류를 길렀고, 현대 아이오와 주에서는 돼지, 소, 젖소, 닭, 칠면조, 양, 말을 사육합니다 [[ref1]], [[ref3]].
3. **윤작**: 중세 잉글랜드에서는 삼경법을 사용하여 밭을 순환하며 경작하고 휴경지를 두어 토양의 양분을 회복시켰습니다. 현대 아이오와 주에서도 콩과 옥수수를 윤작하여 토양의 영양 균형을 유지합니다 [[ref1]], [[ref3]].

**차이점:**
1. **주요 작물**: 중세 잉글랜드의 주요 작물은 밀과 보리였으며, 현대 아이오와 주의 주요 작물은 옥수수와 콩입니다 [[ref1]], [[ref3]].
2. **농업 기술**: 중세 잉글랜드에서는 퇴비나 비료가 부족하여 휴경지를 두어 자연적으로 토양의 양분을 회복시켰습니다. 반면, 현대 아이오와 주에서는 현대적인 농업 기술과 비료를 사용하여 토양의 영양을 관리합니다 [[ref1]], [[ref3]].
3. **기계화**: 중세 잉글랜드에서는 주로 인력과 동물의 힘을 이용하여 농사를 지었으며, 쟁기를 끌기 위해 소나 말을 사용했습니다. 현대 아이오와 주에서는 트랙터와 같은 기계화된 장비를 사용하여 농업 생산성을 높입니다 [[ref1]], [[ref3]].

이와 같이 중세 잉글랜드와 현대 아이오와 주의 농업 방식은 작물의 다양성과 가축 사육, 윤작 등의 공통점을 가지지만, 주요 작물, 농업 기술, 기계화 등의 차이점도 존재합니다."
78,한신공영이 시흥배곧 한신휴플러스를 분양하는 날짜는?,한신공영이 시흥배곧 한신휴플러스를 분양하는 날짜는 15일입니다.,False,한신공영이 시흥배곧 한신휴플러스를 분양하는 날짜는 15일입니다 [[ref2]].
79,디스크 드라이브가 없는 플레이스테이션5는 얼마인가요?,디스크 드라이브가 없는 플레이스테이션5의 가격은 49만 8천원입니다.,False,"디스크 드라이브가 없는 플레이스테이션5, 즉 디지털 에디션의 가격은 49만 8천원입니다 [[ref5]]."
80,혜화동에 살 당시 장면의 직책은 무엇이었는가?,혜화동에 살 당시 장면의 직책은 대한민국 국무총리(제2공화국 내각책임제의 내각수반)였습니다.,False,"장면이 혜화동에 살 당시 그의 직책은 대한민국의 국무총리였습니다. 그는 내각 책임제 하에서 국무총리로 재직 중이었으며, 총리 재직 중에도 혜화동의 작은 집에서 연탄난로를 땔 정도로 소박한 생활을 했습니다. [[ref5]]"
81,아내가 부자를 괴롭히기 위해 사용한 것은?,부자에게 일부러 술을 먹여 취하게 만드는 것,False,"아내가 부자를 괴롭히기 위해 사용한 방법은 부자를 술취하게 만드는 것이었습니다. 아내는 부자가 술에 취해 골아 떨어지면 몰래 집을 빠져나와 바람을 피우곤 했습니다. 부자가 이를 알아차리고 미행한 후, 아내는 우물에 몸을 던지는 척하며 부자를 속이고 집에 들어가 문을 잠그는 등의 행동을 통해 부자를 괴롭혔습니다. 이로 인해 부자는 이웃 사람들과 아내의 친정 사람들에게 비난과 폭행을 당하게 되었습니다 [[ref1]]."
82,중세 잉글랜드와 현대 아이오와 주의 농업 방식의 공통점과 차이점은 무엇인가요?,"공통점:  
- 둘 다 윤작, 즉 땅의 영양분 회복을 위한 작물 교대를 실시함  
- 주요 작물(곡물)이 있고, 다양한 가축(소, 돼지, 양 등)을 사육함  
- 농업이 지역 경제에서 핵심적 역할을 함

차이점:  
- 중세 잉글랜드는 비료 부족으로 휴경(아예 쉬는 땅)이 필요했으나, 아이오와는 비료 및 영양관리로 지속적 경작이 가능함  
- 작물 종류의 차이(잉글랜드: 밀, 보리 / 아이오와: 옥수수, 콩)  
- 소유 및 관리 방식의 차이(잉글랜드: 영주 주도 / 아이오와: 농부, 기업 주도)  
- 생산 방식에서 아이오와는 현대적 기계화·대규모 농업, 잉글랜드는 노동 집약적이고 소규모적임",False,"중세 잉글랜드와 현대 아이오와 주의 농업 방식에는 몇 가지 공통점과 차이점이 있습니다.

**공통점:**
1. **작물의 다양성**: 두 지역 모두 다양한 작물을 재배합니다. 중세 잉글랜드에서는 밀, 보리, 귀리, 협과, 호밀, 아마, 사과, 채소 등을 재배했으며, 현대 아이오와 주에서는 옥수수, 콩, 귀리, 밀, 사과, 아스파라거스, 양배추, 완두콩, 호박, 사탕무, 토마토 등을 재배합니다 [[ref1]], [[ref3]].
2. **가축 사육**: 두 지역 모두 가축을 사육합니다. 중세 잉글랜드에서는 양, 돼지, 소, 말, 가금류를 길렀고, 현대 아이오와 주에서는 돼지, 소, 젖소, 닭, 칠면조, 양, 말을 사육합니다 [[ref1]], [[ref3]].
3. **윤작**: 중세 잉글랜드에서는 삼경법을 사용하여 밭을 순환하며 경작하고 휴경지를 두어 토양의 양분을 회복시켰습니다. 현대 아이오와 주에서도 콩과 옥수수를 윤작하여 토양의 영양 균형을 유지합니다 [[ref1]], [[ref3]].

**차이점:**
1. **주요 작물**: 중세 잉글랜드의 주요 작물은 밀과 보리였으며, 현대 아이오와 주의 주요 작물은 옥수수와 콩입니다 [[ref1]], [[ref3]].
2. **농업 기술**: 중세 잉글랜드에서는 퇴비나 비료가 부족하여 휴경지를 두어 자연적으로 토양의 양분을 회복시켰습니다. 반면, 현대 아이오와 주에서는 현대적인 농업 기술과 비료를 사용하여 토양의 영양을 관리합니다 [[ref1]], [[ref3]].
3. **기계화**: 중세 잉글랜드에서는 주로 인력과 동물의 힘을 이용하여 농사를 지었으며, 쟁기를 끌기 위해 소나 말을 사용했습니다. 현대 아이오와 주에서는 트랙터와 같은 기계화된 장비를 사용하여 농업 생산성을 높입니다 [[ref1]], [[ref3]].

이와 같이 중세 잉글랜드와 현대 아이오와 주의 농업 방식은 작물의 다양성과 가축 사육, 윤작 등의 공통점을 가지지만, 주요 작물, 농업 기술, 기계화 등의 차이점도 존재합니다."
83,혜화동에 살 당시 장면의 직책은 무엇이었는가?,혜화동에 살 당시 장면의 직책은 국무총리였다.,False,"장면이 혜화동에 살 당시 그의 직책은 대한민국의 국무총리였습니다. 그는 내각 책임제 하에서 국무총리로 재직 중이었으며, 총리 재직 중에도 혜화동의 작은 집에서 연탄난로를 땔 정도로 소박한 생활을 했습니다. [[ref5]]"
84,디스크 드라이브가 없는 플레이스테이션5는 얼마인가요?,디스크 드라이브가 없는 플레이스테이션5의 가격은 49만 8천원입니다.,False,"디스크 드라이브가 없는 플레이스테이션5, 즉 디지털 에디션의 가격은 49만 8천원입니다 [[ref5]]."
85,한신공영이 시흥배곧 한신휴플러스를 분양하는 날짜는?,15일입니다.,False,한신공영이 시흥배곧 한신휴플러스를 분양하는 날짜는 15일입니다 [[ref2]].
86,NYT에 삼성전자의 광고가 실린 날은?,삼성전자의 광고가 NYT에 실린 날은 26일(현지시간)입니다.,False,삼성전자의 광고가 뉴욕타임스(NYT)에 실린 날은 26일입니다. 이 날 삼성전자는 NYT의 13면부터 20면까지 무려 8개 면에 걸쳐 갤럭시S4의 전면 광고를 실었습니다 [[ref2]].
87,버지니아주 교과서 개정안이 통과된 후 일본 정부의 구체적인 대응 조치는 무엇이었습니까?,제공된 문서에는 버지니아주 교과서 개정안 통과 후 일본 정부의 구체적인 대응 조치에 대한 내용이 없습니다.,False,검색 결과에는 버지니아주 교과서 개정안이 통과된 후 일본 정부의 구체적인 대응 조치를 찾을 수 없습니다.
88,알바루 시자 비에이라가 설계한 건축물의 이름은?,안양파빌리온,False,"포르투갈의 세계적인 건축가 알바루 시자 비에이라가 설계한 건축물의 이름은 ""안양파빌리온""입니다 [[ref2]]."
89,리자베타가 사랑했던 남자의 이름은 무엇이었나요?,리자베타가 사랑했던 남자의 이름은 문맥에 등장하지 않습니다.,False,검색 결과에는 리자베타가 사랑했던 남자의 이름을 찾을 수 없습니다.
90,중국의 재고 거품이 글로벌 경제에 미치는 영향은 무엇인가요?,"중국의 재고 거품은 기업의 수익성 악화와 고용 축소, 투자 감소로 이어지고, 이는 노사분규 급증 등 중국 내 경영환경 악화로 확장됩니다. 더 나아가, 중국이 세계 최대 원자재 수요국이기 때문에 중국 경제 둔화와 재고 누적은 원자재 가격 하락과 글로벌 원자재 시장 위기에 직결됩니다. 미국이나 러시아, 남미 등 중국에 원자재나 상품을 수출하는 국가의 경제도 타격을 입으며, 중국 시장에 대한 매출 의존도가 높은 미국 등 글로벌 기업들의 실적 악화로 이어집니다. 이로 인해 글로벌 증시 변동성 증가, 실물경제 둔화 등 세계 경제 전반에 부정적인 영향을 미칠 수 있습니다.",False,"중국의 재고 거품은 글로벌 경제에 여러 가지 부정적인 영향을 미치고 있습니다. 

첫째, 중국의 재고 거품은 원자재 시장에 큰 타격을 주고 있습니다. 중국은 세계 최대 원자재 수요국으로, 중국 경제의 둔화와 재고 증가로 인해 원자재 가격이 하락하고 있습니다. 예를 들어, 국제유가는 최근 한 주 동안 10% 가까이 하락했으며, 이는 중국의 경기 부진 우려가 주요 원인으로 작용했습니다. 또한, 구리 가격도 6년 만에 최저 수준으로 떨어졌습니다. 이러한 원자재 가격 하락은 원자재를 수출하는 국가들의 경제에 부정적인 영향을 미치고 있습니다 [[ref2]].

둘째, 중국의 재고 거품은 제조업 부진과 고용 감소로 이어지고 있습니다. 중국 기업들이 예상보다 낮은 성장률로 인해 재고가 급증하면서 수익성이 악화되고, 이에 따라 고용을 줄이고 있습니다. 예를 들어, 세계 최대 PC 제조업체인 레노버는 2분기 순이익이 전년 동기보다 51% 줄어들면서 3299명을 감원하기로 했습니다. 이러한 고용 감소는 노사분규의 급증으로 이어지고 있으며, 이는 중국 내수 시장의 부진을 더욱 심화시키고 있습니다 [[ref4]].

셋째, 중국의 재고 거품은 글로벌 금융 시장에도 영향을 미치고 있습니다. 중국 증시의 변동성이 확대되면서 글로벌 투자자들이 불안감을 느끼고 있으며, 이는 미국과 같은 주요 경제국의 주식 시장에도 부정적인 영향을 미치고 있습니다. 예를 들어, 뉴욕증시에서 S&P500지수와 다우지수가 2% 가까이 떨어진 것도 중국 증시의 거품 붕괴 우려 때문입니다 [[ref2]].

이와 같이, 중국의 재고 거품은 원자재 시장, 제조업, 고용, 그리고 글로벌 금융 시장에 걸쳐 다양한 부정적인 영향을 미치고 있으며, 이는 글로벌 경제의 불확실성을 증가시키고 있습니다."
